date,name,cik,variable,value
1957-01-01,Huntington Bancshares,49196.0,added_ticker,HBAN
1957-01-01,"S&P Global, Inc.",64040.0,added_ticker,SPGI
1957-01-01,eBay Inc.,1065088.0,added_ticker,EBAY
1957-01-01,Valero Energy,1035002.0,added_ticker,VLO
1957-01-01,McCormick & Co.,63754.0,added_ticker,MKC
1957-01-01,Corning Inc.,24741.0,added_ticker,GLW
1957-01-01,Tyson Foods,100493.0,added_ticker,TSN
1957-01-01,ViacomCBS,813828.0,added_ticker,VIAC
1957-01-01,Eaton Corporation,1551182.0,added_ticker,ETN
1957-01-01,QUALCOMM Inc.,804328.0,added_ticker,QCOM
1957-01-01,Omnicom Group,29989.0,added_ticker,OMC
1957-01-01,Dominion Energy,715957.0,added_ticker,D
1957-01-01,Moody's Corp,1059556.0,added_ticker,MCO
1957-01-01,Loews Corp.,60086.0,added_ticker,L
1957-01-01,Pinnacle West Capital,764622.0,added_ticker,PNW
1957-01-01,MetLife Inc.,1099219.0,added_ticker,MET
1957-01-01,Fifth Third Bancorp,35527.0,added_ticker,FITB
1957-01-01,U.S. Bancorp,36104.0,added_ticker,USB
1957-01-01,PPL Corp.,922224.0,added_ticker,PPL
1957-01-01,Franklin Resources,38777.0,added_ticker,BEN
1957-01-01,Leggett & Platt,58492.0,added_ticker,LEG
1957-01-01,General Electric,40545.0,added_ticker,GE
1957-01-01,Paychex Inc.,723531.0,added_ticker,PAYX
1957-01-01,Kellogg Co.,55067.0,added_ticker,K
1957-01-01,Thermo Fisher Scientific,97745.0,added_ticker,TMO
1957-01-01,State Street Corp.,93751.0,added_ticker,STT
1957-01-01,Marriott Int'l.,1048286.0,added_ticker,MAR
1957-01-01,Humana Inc.,49071.0,added_ticker,HUM
1957-01-01,Consolidated Edison,1047862.0,added_ticker,ED
1957-01-01,NiSource Inc.,1111711.0,added_ticker,NI
1957-01-01,L3Harris Technologies,202058.0,added_ticker,LHX
1957-01-01,FirstEnergy Corp,1031296.0,added_ticker,FE
1957-01-01,Sempra Energy,1032208.0,added_ticker,SRE
1957-01-01,Motorola Solutions Inc.,68505.0,added_ticker,MSI
1957-01-01,Vornado Realty Trust,899689.0,added_ticker,VNO
1957-01-01,Xerox,1770450.0,added_ticker,XRX
1957-01-01,Danaher Corp.,313616.0,added_ticker,DHR
1957-01-01,McKesson Corp.,927653.0,added_ticker,MCK
1957-01-01,Whirlpool Corp.,106640.0,added_ticker,WHR
1957-01-01,T. Rowe Price Group,1113169.0,added_ticker,TROW
1957-01-01,"Tapestry, Inc.",1116132.0,added_ticker,TPR
1957-01-01,WestRock,1732845.0,added_ticker,WRK
1957-01-01,Darden Restaurants,940944.0,added_ticker,DRI
1957-01-01,Weyerhaeuser,106535.0,added_ticker,WY
1957-01-01,Morgan Stanley,895421.0,added_ticker,MS
1957-01-01,Waters Corporation,1000697.0,added_ticker,WAT
1957-01-01,Freeport-McMoRan Inc.,831259.0,added_ticker,FCX
1957-01-01,Texas Instruments,97476.0,added_ticker,TXN
1957-01-01,KLA Corporation,319201.0,added_ticker,KLAC
1957-01-01,Rockwell Automation Inc.,1024478.0,added_ticker,ROK
1957-01-01,Waste Management Inc.,823768.0,added_ticker,WM
1957-01-01,Raytheon Technologies,101829.0,added_ticker,RTX
1957-01-01,Northern Trust Corp.,73124.0,added_ticker,NTRS
1957-01-01,Eversource Energy,72741.0,added_ticker,ES
1957-01-01,Starbucks Corp.,829224.0,added_ticker,SBUX
1957-03-04,ConocoPhillips,1163165.0,added_ticker,COP
1957-03-04,Chevron Corp.,93410.0,added_ticker,CVX
1957-03-04,Xcel Energy Inc,72903.0,added_ticker,XEL
1957-03-04,Kroger Co.,56873.0,added_ticker,KR
1957-03-04,Entergy Corp.,65984.0,added_ticker,ETR
1957-03-04,Kimberly-Clark,55785.0,added_ticker,KMB
1957-03-04,Pfizer Inc.,78003.0,added_ticker,PFE
1957-03-04,PPG Industries,79879.0,added_ticker,PPG
1957-03-04,Procter & Gamble,80424.0,added_ticker,PG
1957-03-04,Southern Company,92122.0,added_ticker,SO
1957-03-04,PepsiCo Inc.,77476.0,added_ticker,PEP
1957-03-04,CVS Health,64803.0,added_ticker,CVS
1957-03-04,International Paper,51434.0,added_ticker,IP
1957-03-04,Norfolk Southern Corp.,702165.0,added_ticker,NSC
1957-03-04,Deere & Co.,315189.0,added_ticker,DE
1957-03-04,Ford Motor Company,37996.0,added_ticker,F
1957-03-04,Campbell Soup,16732.0,added_ticker,CPB
1957-03-04,DTE Energy Co.,936340.0,added_ticker,DTE
1957-03-04,American Electric Power,4904.0,added_ticker,AEP
1957-03-04,Hartford Financial Svc.Gp.,874766.0,added_ticker,HIG
1957-03-04,Sealed Air,1012100.0,added_ticker,SEE
1957-03-04,Exelon Corp.,1109357.0,added_ticker,EXC
1957-03-04,Edison Int'l,827052.0,added_ticker,EIX
1957-03-04,Boeing Company,12927.0,added_ticker,BA
1957-03-04,Bristol-Myers Squibb,14272.0,added_ticker,BMY
1957-03-04,International Business Machines,51143.0,added_ticker,IBM
1957-03-04,Caterpillar Inc.,18230.0,added_ticker,CAT
1957-03-04,Coca-Cola Company,21344.0,added_ticker,KO
1957-03-04,Colgate-Palmolive,21665.0,added_ticker,CL
1957-03-04,Merck & Co.,310158.0,added_ticker,MRK
1957-03-04,Altria Group Inc,764180.0,added_ticker,MO
1957-03-04,Public Service Enterprise Group (PSEG),788784.0,added_ticker,PEG
1957-03-04,The Hershey Company,47111.0,added_ticker,HSY
1957-03-04,Exxon Mobil Corp.,34088.0,added_ticker,XOM
1957-03-04,Halliburton Co.,45012.0,added_ticker,HAL
1957-03-04,General Dynamics,40533.0,added_ticker,GD
1957-03-04,Union Pacific Corp,100885.0,added_ticker,UNP
1964-03-31,Honeywell Int'l Inc.,773840.0,added_ticker,HON
1964-03-31,Abbott Laboratories,1800.0,added_ticker,ABT
1964-03-31,Howmet Aerospace,4281.0,added_ticker,HWM
1964-06-30,Sherwin-Williams,89800.0,added_ticker,SHW
1965-03-31,Schlumberger Ltd.,87347.0,added_ticker,SLB
1965-03-31,Cummins Inc.,26172.0,added_ticker,CMI
1965-03-31,Emerson Electric Company,32604.0,added_ticker,EMR
1967-09-30,CSX Corp.,277948.0,added_ticker,CSX
1969-03-31,General Mills,40704.0,added_ticker,GIS
1969-03-31,The Clorox Company,21076.0,added_ticker,CLX
1969-06-30,Newmont Corporation,1164727.0,added_ticker,NEM
1970-06-30,McDonald's Corp.,63908.0,added_ticker,MCD
1970-12-31,Lilly (Eli) & Co.,59478.0,added_ticker,LLY
1972-09-30,Becton Dickinson,10795.0,added_ticker,BDX
1972-09-30,Baxter International Inc.,10456.0,added_ticker,BAX
1973-06-30,Johnson & Johnson,200406.0,added_ticker,JNJ
1973-12-31,Genuine Parts,40987.0,added_ticker,GPC
1974-12-31,HP Inc.,47217.0,added_ticker,HPQ
1975-03-31,Williams Companies,107263.0,added_ticker,WMB
1975-06-30,JPMorgan Chase & Co.,19617.0,added_ticker,JPM
1976-03-31,International Flavors & Fragrances,51253.0,added_ticker,IFF
1976-06-30,Wells Fargo,72971.0,added_ticker,WFC
1976-06-30,American Express Co,4962.0,added_ticker,AXP
1976-06-30,The Walt Disney Company,1744489.0,added_ticker,DIS
1976-06-30,CIGNA Corp.,1739940.0,added_ticker,CI
1976-06-30,NextEra Energy,753308.0,added_ticker,NEE
1976-06-30,Molson Coors Beverage Company,24545.0,added_ticker,TAP
1976-06-30,Lincoln National,59558.0,added_ticker,LNC
1976-06-30,Duke Energy,1326160.0,added_ticker,DUK
1976-06-30,Bank of America Corp,70858.0,added_ticker,BAC
1976-12-31,Target Corp.,27419.0,added_ticker,TGT
1976-12-31,Intel Corp.,50863.0,added_ticker,INTC
1978-12-31,Textron Inc.,217346.0,added_ticker,TXT
1979-06-30,VF Corporation,103379.0,added_ticker,VFC
1979-12-31,Walgreens Boots Alliance,1618921.0,added_ticker,WBA
1980-03-31,American International Group,5272.0,added_ticker,AIG
1980-12-31,FedEx Corporation,1048911.0,added_ticker,FDX
1980-12-31,PACCAR Inc.,75362.0,added_ticker,PCAR
1981-03-31,Automatic Data Processing,8670.0,added_ticker,ADP
1981-06-30,Masco Corp.,62996.0,added_ticker,MAS
1981-06-30,Grainger (W.W.) Inc.,277135.0,added_ticker,GWW
1981-07-29,Archer-Daniels-Midland Co,7084.0,added_ticker,ADM
1982-08-31,Walmart,104169.0,added_ticker,WMT
1982-09-30,Snap-on,91440.0,added_ticker,SNA
1982-09-30,Stanley Black & Decker,93556.0,added_ticker,SWK
1982-10-31,Brown-Forman Corp.,14693.0,added_ticker,BF.B
1982-11-30,Apple Inc.,320193.0,added_ticker,AAPL
1982-12-31,Occidental Petroleum,797468.0,added_ticker,OXY
1983-08-31,Conagra Brands,23217.0,added_ticker,CAG
1983-09-30,L Brands Inc.,701985.0,added_ticker,LB
1983-11-30,Verizon Communications,732712.0,added_ticker,VZ
1984-02-29,Lowe's Cos.,60667.0,added_ticker,LOW
1984-04-30,PulteGroup,822416.0,added_ticker,PHM
1984-05-31,Hess Corporation,4447.0,added_ticker,HES
1984-07-31,Lockheed Martin Corp.,936468.0,added_ticker,LMT
1984-09-30,Hasbro Inc.,46080.0,added_ticker,HAS
1984-10-31,Ball Corp,9389.0,added_ticker,BLL
1985-01-01,AT&T Inc.,732717.0,added_ticker,T
1985-04-30,Nucor Corp.,73309.0,added_ticker,NUE
1985-04-30,Air Products & Chemicals Inc,2969.0,added_ticker,APD
1985-05-31,PerkinElmer,31791.0,added_ticker,PKI
1985-06-30,Northrop Grumman,1133421.0,added_ticker,NOC
1985-07-31,CenterPoint Energy,1130310.0,added_ticker,CNP
1985-09-30,TJX Companies Inc.,109198.0,added_ticker,TJX
1985-10-31,Dover Corporation,29905.0,added_ticker,DOV
1985-11-30,Parker-Hannifin,76334.0,added_ticker,PH
1986-02-28,Illinois Tool Works,49826.0,added_ticker,ITW
1986-08-31,Gap Inc.,39911.0,added_ticker,GPS
1986-10-31,Medtronic plc,1613103.0,added_ticker,MDT
1986-12-31,Sysco Corp.,96021.0,added_ticker,SYY
1987-08-31,Marsh & McLennan,62709.0,added_ticker,MMC
1987-12-31,Avery Dennison Corp,8818.0,added_ticker,AVY
1988-03-31,Home Depot,354950.0,added_ticker,HD
1988-04-30,PNC Financial Services,713676.0,added_ticker,PNC
1988-05-31,Citigroup Inc.,831001.0,added_ticker,C
1988-11-30,"Nike, Inc.",320187.0,added_ticker,NKE
1989-01-31,Ecolab Inc.,31462.0,added_ticker,ECL
1989-04-30,Newell Brands,814453.0,added_ticker,NWL
1989-04-30,Globe Life Inc.,320335.0,added_ticker,GL
1989-08-31,Oracle Corp.,1341439.0,added_ticker,ORCL
1989-12-01,Autodesk Inc.,769397.0,added_ticker,ADSK
1991-05-01,Marathon Oil Corp.,101778.0,added_ticker,MRO
1991-09-19,Ameren Corp,1002910.0,added_ticker,AEE
1992-01-02,Amgen Inc.,318154.0,added_ticker,AMGN
1992-07-01,Linde plc,1707925.0,added_ticker,LIN
1992-10-01,Interpublic Group,51644.0,added_ticker,IPG
1993-10-01,Costco Wholesale Corp.,909832.0,added_ticker,COST
1993-12-01,Cisco Systems,858877.0,added_ticker,CSCO
1994-01-01,Eastman Chemical,915389.0,added_ticker,EMN
1994-03-01,KeyCorp,91576.0,added_ticker,KEY
1994-03-01,Unum Group,5513.0,added_ticker,UNM
1994-06-01,Microsoft Corp.,789019.0,added_ticker,MSFT
1994-07-01,United Health Group Inc.,731766.0,added_ticker,UNH
1994-07-01,Southwest Airlines,92380.0,added_ticker,LUV
1994-09-27,Micron Technology,723125.0,added_ticker,MU
1995-02-24,Boston Scientific,885725.0,added_ticker,BSX
1995-03-16,Applied Materials Inc.,6951.0,added_ticker,AMAT
1995-03-31,The Bank of New York Mellon,1390777.0,added_ticker,BK
1995-07-13,Allstate Corp,899051.0,added_ticker,ALL
1995-12-01,Comerica Inc.,28412.0,added_ticker,CMA
1996-04-23,Aon plc,315293.0,added_ticker,AON
1997-01-02,AutoZone Inc,866787.0,added_ticker,AZO
1997-05-05,Adobe Inc.,796343.0,added_ticker,ADBE
1997-05-27,Cardinal Health Inc.,721371.0,added_ticker,CAH
1997-06-02,Charles Schwab Corporation,316709.0,added_ticker,SCHW
1997-06-19,Equifax Inc.,33185.0,added_ticker,EFX
1997-07-28,Apache Corporation,6769.0,added_ticker,APA
1997-08-04,Progressive Corp.,80661.0,added_ticker,PGR
1997-10-06,Yum! Brands Inc,1041061.0,added_ticker,YUM
1997-12-04,Truist Financial,92230.0,added_ticker,TFC
1997-12-18,Cincinnati Financial,20286.0,added_ticker,CINF
1998-07-01,Capital One Financial,927628.0,added_ticker,COF
1998-08-28,Regions Financial Corp.,1281761.0,added_ticker,RF
1998-10-02,AES Corp,874761.0,added_ticker,AES
1998-12-22,Carnival Corp.,815097.0,added_ticker,CCL
1999-03-25,Lumen Technologies,18926.0,added_ticker,LUMN
1999-05-03,CMS Energy,811156.0,added_ticker,CMS
1999-05-28,AFLAC Inc,4977.0,added_ticker,AFL
1999-06-25,NetApp,1002047.0,added_ticker,NTAP
1999-06-29,Best Buy Co. Inc.,764478.0,added_ticker,BBY
1999-06-30,Vulcan Materials,1396009.0,added_ticker,VMC
1999-10-12,"Analog Devices, Inc.",6281.0,added_ticker,ADI
1999-11-08,Xilinx,743988.0,added_ticker,XLNX
1999-12-01,Citrix Systems,877890.0,added_ticker,CTXS
1999-12-07,Laidlaw,,removed_ticker,LDW
1999-12-07,Yahoo!,,added_ticker,YHOO
2000-06-05,Agilent Technologies Inc,1090872.0,added_ticker,A
2000-06-21,Tiffany & Co.,98246.0,added_ticker,TIF
2000-07-27,RiteAid,,removed_ticker,RAD
2000-07-27,JDS Uniphase,,added_ticker,JDSU
2000-08-30,Devon Energy,1090012.0,added_ticker,DVN
2000-11-02,EOG Resources,821189.0,added_ticker,EOG
2000-12-05,Allegheny Energy,,added_ticker,AYE
2000-12-05,Crown Holdings,,removed_ticker,CCK
2000-12-05,W.R. Grace,,removed_ticker,GRA
2000-12-05,Symbol Technologies,,added_ticker,SBL
2000-12-05,Owens-Illinois,,removed_ticker,OI
2000-12-05,Bethlehem Steel,,removed_ticker,BS
2000-12-05,Robert Half International,315213.0,added_ticker,RHI
2000-12-05,Ambac Financial,,added_ticker,ABK
2000-12-05,Intuit Inc.,896878.0,added_ticker,INTU
2000-12-12,Stryker Corp.,310764.0,added_ticker,SYK
2001-03-01,Cintas Corporation,723254.0,added_ticker,CTAS
2001-04-02,Fiserv Inc,798354.0,added_ticker,FISV
2001-06-22,Zions Bancorp,109380.0,added_ticker,ZION
2001-08-07,Zimmer Biomet Holdings,1136869.0,added_ticker,ZBH
2001-08-30,AmerisourceBergen Corp,1140859.0,added_ticker,ABC
2001-11-30,Nvidia Corporation,1045810.0,added_ticker,NVDA
2001-12-03,Equity Residential,906107.0,added_ticker,EQR
2002-06-26,Simon Property Group Inc,1063761.0,added_ticker,SPG
2002-07-22,Prudential Financial,1137774.0,added_ticker,PRU
2002-07-22,Goldman Sachs Group,886982.0,added_ticker,GS
2002-07-22,United Parcel Service,1090727.0,added_ticker,UPS
2002-07-22,Electronic Arts,712515.0,added_ticker,EA
2002-07-22,Principal Financial Group,1126328.0,added_ticker,PFG
2002-07-25,Anthem,1156039.0,added_ticker,ANTM
2002-08-21,The Travelers Companies Inc.,86312.0,added_ticker,TRV
2002-12-12,Quest Diagnostics,1022079.0,added_ticker,DGX
2003-03-14,Apartment Investment & Management,922864.0,added_ticker,AIV
2003-03-25,NortonLifeLock,849399.0,added_ticker,NLOK
2003-07-17,Prologis,1045609.0,added_ticker,PLD
2003-09-25,Quintiles Transnational,,removed_ticker,QTRN
2003-09-25,Express Scripts,,added_ticker,ESRX
2003-11-13,Biogen Inc.,875045.0,added_ticker,BIIB
2004-02-23,M&T Bank Corp.,36270.0,added_ticker,MTB
2004-03-31,E*Trade,1015780.0,added_ticker,ETFC
2004-04-23,Mylan N.V.,1623613.0,added_ticker,MYL
2004-07-01,Gilead Sciences,882095.0,added_ticker,GILD
2004-11-01,Laboratory Corp. of America Holding,920148.0,added_ticker,LH
2005-03-14,National Oilwell Varco Inc.,1021860.0,added_ticker,NOV
2005-06-22,D. R. Horton,882184.0,added_ticker,DHI
2005-07-01,Great Lakes Chemical,,removed_ticker,GLK
2005-07-01,Constellation Brands,16918.0,added_ticker,STZ
2005-08-19,Public Storage,1393311.0,added_ticker,PSA
2005-10-03,Ameriprise Financial,820027.0,added_ticker,AMP
2005-10-04,Lennar Corp.,920760.0,added_ticker,LEN
2005-11-18,Amazon.com Inc.,1018724.0,added_ticker,AMZN
2006-01-05,Est√©e Lauder Companies,1001250.0,added_ticker,EL
2006-02-01,Verisign Inc.,1014473.0,added_ticker,VRSN
2006-04-03,Alphabet Inc. (Class C),1652044.0,added_ticker,GOOG
2006-04-03,Boston Properties,1037540.0,added_ticker,BXP
2006-04-04,Kimco Realty,879101.0,added_ticker,KIM
2006-06-02,Juniper Networks,1043604.0,added_ticker,JNPR
2006-06-02,Albertsons,,removed_ticker,ABS
2006-08-11,CME Group Inc.,1156375.0,added_ticker,CME
2006-09-29,Western Union Co,1365135.0,added_ticker,WU
2006-11-10,Fidelity National Information Services,1136893.0,added_ticker,FIS
2006-11-10,CBRE Group,1138118.0,added_ticker,CBRE
2006-11-17,Cognizant Technology Solutions,1058290.0,added_ticker,CTSH
2007-01-10,Symbol Technologies,,removed_ticker,SBL
2007-01-10,AvalonBay Communities,915912.0,added_ticker,AVB
2007-02-02,Ralph Lauren Corporation,1037038.0,added_ticker,RL
2007-02-12,Varian Medical Systems,203527.0,added_ticker,VAR
2007-03-02,C. H. Robinson Worldwide,1043277.0,added_ticker,CHRW
2007-03-20,Host Hotels & Resorts,1070750.0,added_ticker,HST
2007-03-30,Sabre Holdings,,removed_ticker,TSG
2007-03-30,Kraft Foods,,added_ticker,KFT
2007-04-10,Assurant,1267238.0,added_ticker,AIZ
2007-07-02,Discover Financial Services,1393612.0,added_ticker,DFS
2007-07-12,Akamai Technologies Inc,1086222.0,added_ticker,AKAM
2007-08-24,KeySpan,,removed_ticker,KSE
2007-08-24,Leucadia National,,added_ticker,LUK
2007-09-07,Microchip Technology,827054.0,added_ticker,MCHP
2007-09-26,First Data Corp.,,removed_ticker,FDC
2007-09-26,Intercontinental Exchange,1571949.0,added_ticker,ICE
2007-09-27,Tesoro Corp.,,added_ticker,TSO
2007-09-27,Maxim Integrated Products,,removed_ticker,MXIM
2007-10-01,Teradata Corp.,,added_ticker,TDC
2007-10-01,NCR Corp.,,removed_ticker,NCR
2007-10-02,Expedia Group,1324424.0,added_ticker,EXPE
2007-10-02,Solectron,,removed_ticker,SLR
2007-10-08,Noble Energy,72207.0,added_ticker,NBL
2007-10-10,Expeditors,746515.0,added_ticker,EXPD
2007-10-26,Jacobs Engineering Group,52988.0,added_ticker,J
2007-10-26,Jacobs Engineering Group,,added_ticker,JEC
2007-10-26,Avaya Inc.,,removed_ticker,AV
2007-11-19,American Tower Corp.,1053507.0,added_ticker,AMT
2007-12-13,Dow Jones,,removed_ticker,DJ
2007-12-13,GameStop,,added_ticker,GME
2007-12-20,Range Resources,,added_ticker,RRC
2007-12-20,Tribune Co.,,removed_ticker,TRB
2008-03-31,Healthpeak Properties,765880.0,added_ticker,PEAK
2008-03-31,Philip Morris International,1413329.0,added_ticker,PM
2008-06-02,Intuitive Surgical Inc.,1035267.0,added_ticker,ISRG
2008-06-10,Lorillard Inc.,,added_ticker,LO
2008-06-10,Ambac Financial,,removed_ticker,ABK
2008-06-23,Cabot Oil & Gas,858470.0,added_ticker,COG
2008-07-18,Mastercard Inc.,1141391.0,added_ticker,MA
2008-07-31,DaVita Inc.,927066.0,added_ticker,DVA
2008-08-21,Invesco Ltd.,914208.0,added_ticker,IVZ
2008-08-27,CF Industries Holdings Inc,1324404.0,added_ticker,CF
2008-09-12,Salesforce.com,,added_ticker,CRM
2008-09-12,Fannie Mae,,removed_ticker,FNM
2008-09-12,Freddie Mac,,removed_ticker,FRE
2008-09-12,Fastenal,,added_ticker,FAST
2008-09-15,Salesforce.com,1108524.0,added_ticker,CRM
2008-09-15,Fastenal Co,815556.0,added_ticker,FAST
2008-09-16,Lehman Brothers,,removed_ticker,LEH
2008-09-16,Harris Corporation,,added_ticker,HRS
2008-09-24,Pioneer Natural Resources,1038357.0,added_ticker,PXD
2008-09-30,Amphenol Corp,820313.0,added_ticker,APH
2008-10-02,Flowserve Corporation,30625.0,added_ticker,FLS
2008-10-22,"Nasdaq, Inc.",1120193.0,added_ticker,NDAQ
2008-10-31,WEC Energy Group,783325.0,added_ticker,WEC
2008-11-06,JM Smucker,91419.0,added_ticker,SJM
2008-11-13,People's United Financial,1378946.0,added_ticker,PBCT
2008-11-14,Dentsply Sirona,818479.0,added_ticker,XRAY
2008-11-14,Wynn Resorts Ltd,1174922.0,added_ticker,WYNN
2008-12-05,Republic Services Inc,1060391.0,added_ticker,RSG
2008-12-31,Owens-Illinois,,added_ticker,OI
2008-12-31,Wachovia Bank,,removed_ticker,WB
2009-01-02,FLIR Systems,354908.0,added_ticker,FLIR
2009-01-06,Iron Mountain Incorporated,1020569.0,added_ticker,IRM
2009-01-30,Welltower Inc.,766704.0,added_ticker,WELL
2009-03-03,Jones Apparel Group,,removed_ticker,JNY
2009-03-03,Hormel Foods,,added_ticker,HRL
2009-03-03,American Capital,,removed_ticker,ACAS
2009-03-03,Ventas Inc.,,added_ticker,VTR
2009-03-04,Ventas Inc,740260.0,added_ticker,VTR
2009-03-04,Hormel Foods Corp.,48465.0,added_ticker,HRL
2009-03-27,O'Reilly Automotive,898173.0,added_ticker,ORLY
2009-06-05,TechnipFMC,1681459.0,added_ticker,FTI
2009-07-01,Western Digital,106040.0,added_ticker,WDC
2009-07-01,Quanta Services Inc.,1050915.0,added_ticker,PWR
2009-08-19,FMC Corporation,37785.0,added_ticker,FMC
2009-09-28,Cooper Industries Ltd.,,removed_ticker,CBE
2009-09-28,Airgas Inc,,added_ticker,ARG
2009-11-03,Priceline.com,,added_ticker,PCLN
2009-11-03,Schering-Plough Corp.,,removed_ticker,SGP
2009-11-06,Booking Holdings Inc,1075531.0,added_ticker,BKNG
2009-12-18,Ciena,,removed_ticker,CIEN
2009-12-18,Dynegy,,removed_ticker,DYN
2009-12-18,KB Home,,removed_ticker,KBH
2009-12-18,Convergys,,removed_ticker,CVG
2009-12-18,SAIC Inc.,,added_ticker,SAIC
2009-12-18,Visa Inc.,,added_ticker,V
2009-12-18,Mead Johnson Nutrition,,added_ticker,MJN
2009-12-18,Cliffs Natural Resources,,added_ticker,CLF
2009-12-21,Visa Inc.,1403161.0,added_ticker,V
2009-12-21,Ross Stores,745732.0,added_ticker,ROST
2009-12-23,Roper Technologies,882835.0,added_ticker,ROP
2010-01-29,NRG Energy,1013871.0,added_ticker,NRG
2010-02-16,Berkshire Hathaway,1067983.0,added_ticker,BRK.B
2010-02-26,Helmerich & Payne,,added_ticker,HP
2010-02-26,IMS Health,,removed_ticker,RX
2010-03-01,"Discovery, Inc. (Class A)",1437107.0,added_ticker,DISCA
2010-03-15,ONEOK,1039684.0,added_ticker,OKE
2010-04-29,BJ Services Company,,removed_ticker,BJS
2010-04-29,Cerner Corp.,,added_ticker,CERN
2010-04-30,Cerner,804753.0,added_ticker,CERN
2010-06-28,Carmax Inc,1170010.0,added_ticker,KMX
2010-06-28,XTO Energy Inc.,,removed_ticker,XTO
2010-06-30,Questar Corp.,,removed_ticker,STR
2010-06-30,QEP Resources,,added_ticker,QEP
2010-07-14,Chubb Limited,,added_ticker,CB
2010-07-14,Millipore Inc.,,removed_ticker,MIL
2010-07-15,Chubb Limited,896159.0,added_ticker,CB
2010-08-26,Smith International Inc.,,removed_ticker,SII
2010-08-26,Tyco International Ltd.,,added_ticker,TYC
2010-08-27,Johnson Controls International,833444.0,added_ticker,JCI
2010-11-17,Ingersoll-Rand plc,,added_ticker,IR
2010-11-17,Pactiv Corp.,,removed_ticker,PTV
2010-11-17,Trane Technologies plc,1466258.0,added_ticker,TT
2010-12-17,King Pharmaceuticals Inc.,,removed_ticker,KG
2010-12-17,Cablevision Systems Corp.,,added_ticker,CVC
2010-12-17,F5 Networks Inc.,,added_ticker,FFIV
2010-12-17,Eastman Kodak Co.,,removed_ticker,EK
2010-12-17,Netflix Inc.,,added_ticker,NFLX
2010-12-17,Office Depot Inc.,,removed_ticker,ODP
2010-12-17,Newfield Exploration,,added_ticker,NFX
2010-12-17,The New York Times Co.,,removed_ticker,NYT
2010-12-20,F5 Networks,1048695.0,added_ticker,FFIV
2010-12-20,Netflix Inc.,1065280.0,added_ticker,NFLX
2011-02-25,Allegheny Energy Inc.,,removed_ticker,AYE
2011-02-25,Joy Global Inc.,,added_ticker,JOY
2011-02-28,McAfee Inc.,,removed_ticker,MFE
2011-02-28,Covidien plc,,added_ticker,COV
2011-03-31,Qwest Communications,,removed_ticker,Q
2011-03-31,Edwards Lifesciences,,added_ticker,EW
2011-04-01,BlackRock,,added_ticker,BLK
2011-04-01,Edwards Lifesciences,1099800.0,added_ticker,EW
2011-04-01,Genzyme Corp.,,removed_ticker,GENZ
2011-04-04,BlackRock,1364742.0,added_ticker,BLK
2011-04-27,Chipotle Mexican Grill,,added_ticker,CMG
2011-04-27,"Novell, Inc.",,removed_ticker,NOVL
2011-04-28,Chipotle Mexican Grill,1058090.0,added_ticker,CMG
2011-06-01,"Alpha Natural Resources, Inc.",,added_ticker,ANR
2011-06-01,Massey Energy Company,,removed_ticker,MEE
2011-06-30,Marathon Petroleum Corp,,added_ticker,MPC
2011-06-30,RadioShack Corp.,,removed_ticker,RSH
2011-07-01,Marathon Petroleum,1510295.0,added_ticker,MPC
2011-07-05,Accenture plc,,added_ticker,ACN
2011-07-05,Marshall & Iisley Corp.,,removed_ticker,MI
2011-07-06,Accenture plc,1467373.0,added_ticker,ACN
2011-09-23,The Mosaic Company,,added_ticker,MOS
2011-09-23,National Semiconductor Corp.,,removed_ticker,NSM
2011-09-26,The Mosaic Company,1285785.0,added_ticker,MOS
2011-10-14,TE Connectivity Ltd.,,added_ticker,TEL
2011-10-14,Cephalon Inc.,,removed_ticker,CEPH
2011-10-17,TE Connectivity Ltd.,1385157.0,added_ticker,TEL
2011-10-31,Xylem Inc.,,added_ticker,XYL
2011-10-31,ITT Corp.,,removed_ticker,ITT
2011-11-01,Xylem Inc.,1524472.0,added_ticker,XYL
2011-11-18,Cooper Industries,,added_ticker,CBE
2011-11-18,Janus Capital Group,,removed_ticker,JNS
2011-12-12,Nicor Inc.,,removed_ticker,GAS
2011-12-12,AGL Resources Inc.,,added_ticker,GAS
2011-12-16,Perrigo Co.,,added_ticker,PRGO
2011-12-16,AK Steel Holding Corp.,,removed_ticker,AKS
2011-12-16,Dollar Tree Inc.,,added_ticker,DLTR
2011-12-16,Monster Worldwide Inc.,,removed_ticker,MWW
2011-12-16,MEMC Electronic Materials Inc.,,removed_ticker,WFR
2011-12-16,BorgWarner Inc.,,added_ticker,BWA
2011-12-19,BorgWarner,908255.0,added_ticker,BWA
2011-12-19,Perrigo,1585364.0,added_ticker,PRGO
2011-12-19,Dollar Tree,935703.0,added_ticker,DLTR
2011-12-20,Tellabs Inc.,,removed_ticker,TLAB
2011-12-20,TripAdvisor Inc.,,added_ticker,TRIP
2011-12-31,"WPX Energy, Inc.",,added_ticker,WPX
2011-12-31,Compuware,,removed_ticker,CPWR
2012-03-13,Constellation Energy Group,,removed_ticker,CEG
2012-03-13,Crown Castle International Corp.,,added_ticker,CCI
2012-03-14,Crown Castle International Corp.,1051470.0,added_ticker,CCI
2012-04-03,Medco Health Solutions Inc.,,removed_ticker,MHS
2012-04-03,"Fossil, Inc.",,added_ticker,FOSL
2012-04-23,Supervalu Inc.,,removed_ticker,SVU
2012-04-23,Phillips 66,,added_ticker,PSX
2012-05-01,Phillips 66,1534701.0,added_ticker,PSX
2012-05-17,El Paso Corp.,,removed_ticker,EP
2012-05-17,Kinder Morgan,,added_ticker,KMI
2012-05-21,Motorola Mobility,,removed_ticker,MMI
2012-05-21,Alexion Pharmaceuticals,,added_ticker,ALXN
2012-05-25,Alexion Pharmaceuticals,899866.0,added_ticker,ALXN
2012-05-25,Kinder Morgan,1506307.0,added_ticker,KMI
2012-06-05,Lam Research,,added_ticker,LRCX
2012-06-05,Novellus Systems,,removed_ticker,NVLS
2012-06-28,Monster Beverage,865752.0,added_ticker,MNST
2012-06-29,Sara Lee Corp.,,removed_ticker,SLE
2012-06-29,Lam Research,707549.0,added_ticker,LRCX
2012-06-29,Monster Beverage,,added_ticker,MNST
2012-07-02,Progress Energy Inc,,removed_ticker,PGN
2012-07-02,Seagate Technology,1137789.0,added_ticker,STX
2012-07-31,Ensco plc (now Valaris plc,,added_ticker,ESV
2012-07-31,Goodrich Corporation,,removed_ticker,GR
2012-09-05,LyondellBasell,1489393.0,added_ticker,LYB
2012-09-05,Sears Holding Corporation,,removed_ticker,SHLD
2012-10-01,Pentair plc,77360.0,added_ticker,PNR
2012-10-01,ADT Corp,,added_ticker,ADT
2012-10-01,"DeVry, Inc.",,removed_ticker,DV
2012-10-01,Lexmark Int'l Inc,,removed_ticker,LXK
2012-10-02,Alpha Natural Resources,,removed_ticker,ANR
2012-10-02,Kraft Foods Group,,added_ticker,KRFT
2012-10-02,Mondelez International,1103982.0,added_ticker,MDLZ
2012-10-10,Sunoco Inc.,,removed_ticker,SUN
2012-10-10,"PetSmart, Inc.",,added_ticker,PETM
2012-12-03,Cooper Industries,,removed_ticker,CBE
2012-12-03,Dollar General,29534.0,added_ticker,DG
2012-12-11,Garmin Ltd.,,added_ticker,GRMN
2012-12-11,R.R. Donnelley,,removed_ticker,RRD
2012-12-12,Garmin Ltd.,1121788.0,added_ticker,GRMN
2012-12-21,Delphi Automotive,,added_ticker,DLPH
2012-12-21,Titanium Metals,,removed_ticker,TIE
2012-12-24,Aptiv PLC,1521332.0,added_ticker,APTV
2012-12-31,AbbVie Inc.,1551152.0,added_ticker,ABBV
2012-12-31,Federated Investors,,removed_ticker,FII
2013-02-15,PVH Corp.,78239.0,added_ticker,PVH
2013-02-15,Big Lots Inc.,,removed_ticker,BIG
2013-04-30,MetroPCS,,removed_ticker,PCS
2013-04-30,Regeneron Pharmaceuticals,,added_ticker,REGN
2013-05-01,Regeneron Pharmaceuticals,872589.0,added_ticker,REGN
2013-05-08,Coventry Health Care,,removed_ticker,CVH
2013-05-08,Macerich,,added_ticker,MAC
2013-05-23,Dean Foods,,removed_ticker,DF
2013-05-23,Kansas City Southern,,added_ticker,KSU
2013-05-24,Kansas City Southern,54480.0,added_ticker,KSU
2013-06-06,H. J. Heinz Company,,removed_ticker,HNZ
2013-06-06,General Motors,1467858.0,added_ticker,GM
2013-06-21,Zoetis,1555280.0,added_ticker,ZTS
2013-06-21,First Horizon,,removed_ticker,FHN
2013-06-28,21st Century Fox,,added_ticker,FOXA
2013-06-28,Apollo Group Inc.,,removed_ticker,APOL
2013-07-01,Fox Corporation (Class A),1754301.0,added_ticker,FOXA
2013-07-08,Nielsen Holdings,,added_ticker,NLSN
2013-07-08,Sprint Nextel Corp.,,removed_ticker,S
2013-07-09,Nielsen Holdings,1492633.0,added_ticker,NLSN
2013-08-01,News Corp. Class A,1564708.0,added_ticker,NWSA
2013-09-10,Delta Air Lines,,added_ticker,DAL
2013-09-10,BMC Software,,removed_ticker,BMC
2013-09-11,Delta Air Lines Inc.,27904.0,added_ticker,DAL
2013-09-20,SAIC,,removed_ticker,SAI
2013-09-20,Ametek,,added_ticker,AME
2013-09-20,Vertex Pharmaceuticals,,added_ticker,VRTX
2013-09-20,Advanced Micro Devices,,removed_ticker,AMD
2013-09-23,Vertex Pharmaceuticals Inc,875320.0,added_ticker,VRTX
2013-09-23,AMETEK Inc.,1037868.0,added_ticker,AME
2013-10-29,Transocean,,added_ticker,RIG
2013-10-29,"Dell, Inc.",,removed_ticker,DELL
2013-11-13,Michael Kors,,added_ticker,KORS
2013-11-13,NYSE Euronext,,removed_ticker,NYX
2013-12-02,J.C. Penney,,removed_ticker,JCP
2013-12-02,Allegion,1579241.0,added_ticker,ALLE
2013-12-10,Molex Inc.,,removed_ticker,MOLX
2013-12-10,General Growth Properties,,added_ticker,GGP
2013-12-23,Teradyne,,removed_ticker,TER
2013-12-23,JDS Uniphase,,removed_ticker,JDSU
2013-12-23,Abercrombie & Fitch,,removed_ticker,ANF
2013-12-23,"Facebook, Inc.",1326801.0,added_ticker,FB
2013-12-23,Mohawk Industries,851968.0,added_ticker,MHK
2013-12-23,Alliance Data Systems,,added_ticker,ADS
2014-01-24,Tractor Supply Company,916365.0,added_ticker,TSCO
2014-01-24,Life Technologies,,removed_ticker,LIFE
2014-03-21,Keurig Green Mountain,,added_ticker,GMCR
2014-03-21,"WPX Energy, Inc.",,removed_ticker,WPX
2014-04-02,"Essex Property Trust, Inc.",920522.0,added_ticker,ESS
2014-04-02,Cliffs Natural Resources,,removed_ticker,CLF
2014-04-03,Alphabet Inc. (Class A),1652044.0,added_ticker,GOOGL
2014-05-01,Beam Inc.,,removed_ticker,BEAM
2014-05-01,SLM Corporation,,removed_ticker,SLM
2014-05-01,Under Armour,,added_ticker,UA
2014-05-01,Navient,,added_ticker,NAVI
2014-05-01,Under Armour (Class A),1336917.0,added_ticker,UAA
2014-05-08,LSI Corporation,,removed_ticker,LSI
2014-05-08,Broadcom Inc.,1730168.0,added_ticker,AVGO
2014-06-20,International Game Technology,,removed_ticker,IGT
2014-06-20,Cimarex Energy,,added_ticker,XEC
2014-07-01,Forest Laboratories,,removed_ticker,FRX
2014-07-01,Affiliated Managers Group,,added_ticker,AMG
2014-07-02,Martin Marietta Materials,916076.0,added_ticker,MLM
2014-07-02,United States Steel Corporation,,removed_ticker,X
2014-08-06,Discovery Communications,,added_ticker,DISCK
2014-08-07,"Discovery, Inc. (Class C)",1437107.0,added_ticker,DISCK
2014-08-18,Mallinckrodt plc,,added_ticker,MNK
2014-08-18,Rowan Companies plc,,removed_ticker,RDC
2014-09-20,Universal Health Services,352915.0,added_ticker,UHS
2014-09-20,"United Rentals, Inc.",1067701.0,added_ticker,URI
2014-09-20,Graham Holdings,,removed_ticker,GHC
2014-09-20,Peabody Energy,,removed_ticker,BTU
2014-11-05,Jabil Circuit,,removed_ticker,JBL
2014-11-05,Level 3 Communications,,added_ticker,LVLT
2014-12-05,Bemis Company,,removed_ticker,BMS
2014-12-05,Royal Caribbean Group,884887.0,added_ticker,RCL
2015-01-27,Covidien,,removed_ticker,COV
2015-01-27,Safeway Inc,,removed_ticker,SWY
2015-01-27,HCA Healthcare,860730.0,added_ticker,HCA
2015-01-27,Endo International,,added_ticker,ENDP
2015-03-12,PetSmart Inc.,,removed_ticker,PETM
2015-03-12,Skyworks Solutions,4127.0,added_ticker,SWKS
2015-03-17,Henry Schein,1000228.0,added_ticker,HSIC
2015-03-18,Carefusion,,removed_ticker,CFN
2015-03-18,Henry Schein,,added_ticker,HSIC
2015-03-20,Hanesbrands Inc,1359841.0,added_ticker,HBI
2015-03-20,SL Green Realty,1040971.0,added_ticker,SLG
2015-03-20,Equinix,1101239.0,added_ticker,EQIX
2015-03-23,Nabors Industries,,removed_ticker,NBR
2015-03-23,Denbury Resources,,removed_ticker,DNR
2015-03-23,"Allergan, Inc",,removed_ticker,AGN
2015-03-23,American Airlines Group,6201.0,added_ticker,AAL
2015-03-23,Hanesbrands,,added_ticker,HBI
2015-03-23,SL Green Realty,,added_ticker,SLG
2015-03-23,Avon Products,,removed_ticker,AVP
2015-03-23,Equinix,,added_ticker,EQIX
2015-04-07,Realty Income Corporation,726728.0,added_ticker,O
2015-04-07,Windstream Holdings Inc,,removed_ticker,WIN
2015-06-11,Qorvo,1604778.0,added_ticker,QRVO
2015-06-11,Lorillard Inc.,,removed_ticker,LO
2015-07-01,Baxalta,,added_ticker,BXLT
2015-07-01,Integrys Energy Group Inc.,,removed_ticker,TEG
2015-07-01,J. B. Hunt Transport Services,728535.0,added_ticker,JBHT
2015-07-01,QEP Resources,,removed_ticker,QEP
2015-07-02,Allegheny Technologies,,removed_ticker,ATI
2015-07-02,Columbia Pipeline Group,,added_ticker,CPGX
2015-07-06,Kraft Foods Group,,removed_ticker,KRFT
2015-07-06,Kraft Heinz Co,1637459.0,added_ticker,KHC
2015-07-08,Family Dollar Stores Inc.,,removed_ticker,FDO
2015-07-08,Advance Auto Parts,,added_ticker,AAP
2015-07-09,Advance Auto Parts,1158449.0,added_ticker,AAP
2015-07-20,PayPal,1633917.0,added_ticker,PYPL
2015-07-20,Noble Corp,,removed_ticker,NE
2015-07-29,DirecTV,,removed_ticker,DTV
2015-07-29,Signet Jewelers,,added_ticker,SIG
2015-08-28,Activision Blizzard,,added_ticker,ATVI
2015-08-28,Pall Corp,,removed_ticker,PLL
2015-08-31,Activision Blizzard,718877.0,added_ticker,ATVI
2015-09-02,United Continental Holdings,,added_ticker,UAL
2015-09-02,Hospira Inc,,removed_ticker,HSP
2015-09-03,United Airlines Holdings,100517.0,added_ticker,UAL
2015-09-18,Comcast Corp.,1166691.0,added_ticker,CMCSA
2015-09-18,News Corp. Class B,1564708.0,added_ticker,NWS
2015-09-18,Comcast Class K Special,,added_ticker,CMCSK
2015-09-18,Fox Corporation (Class B),1754301.0,added_ticker,FOX
2015-10-07,Verisk Analytics,,added_ticker,VRSK
2015-10-07,Joy Global,,removed_ticker,JOY
2015-10-08,Verisk Analytics,1442145.0,added_ticker,VRSK
2015-11-02,Hudson City Bancorp Inc,,removed_ticker,HCBK
2015-11-02,Hewlett Packard Enterprise,1645590.0,added_ticker,HPE
2015-11-18,Synchrony Financial,1601712.0,added_ticker,SYF
2015-11-18,Genworth Financial,,removed_ticker,GNW
2015-11-19,Illumina Inc,1110803.0,added_ticker,ILMN
2015-11-19,Sigma-Aldrich Corp,,removed_ticker,SIAL
2015-12-01,CSRA Inc,,added_ticker,CSRA
2015-12-01,Computer Sciences Corp,,removed_ticker,CSC
2015-12-15,Comcast K Corp,,removed_ticker,CMCSK
2015-12-29,Church & Dwight,313927.0,added_ticker,CHD
2015-12-29,Altera Corp,,removed_ticker,ALTR
2016-01-05,Fossil Group,,removed_ticker,FOSL
2016-01-05,Willis Towers Watson,1140536.0,added_ticker,WLTW
2016-01-19,Chubb Corp,,removed_ticker,CB
2016-01-19,Extra Space Storage,1289490.0,added_ticker,EXR
2016-01-29,Citizens Financial Group,759944.0,added_ticker,CFG
2016-02-01,Precision Castparts Corp.,,removed_ticker,PCP
2016-02-01,Citizens Financial Group,,added_ticker,CFG
2016-02-01,Broadcom Corporation,,removed_ticker,BRCM
2016-02-01,Federal Realty Investment Trust,34903.0,added_ticker,FRT
2016-02-22,Plum Creek Timber,,removed_ticker,PCL
2016-02-22,Concho Resources,1358071.0,added_ticker,CXO
2016-03-04,American Water Works Company Inc,1410636.0,added_ticker,AWK
2016-03-04,Consol Energy,,removed_ticker,CNX
2016-03-07,Keurig Green Mountain,,removed_ticker,GMCR
2016-03-07,"UDR, Inc.",74208.0,added_ticker,UDR
2016-03-30,Hologic,859737.0,added_ticker,HOLX
2016-03-30,Ensco plc (now Valaris plc),,removed_ticker,ESV
2016-03-30,Pepco Holdings Inc,,removed_ticker,POM
2016-03-30,Centene Corporation,1071739.0,added_ticker,CNC
2016-04-04,Foot Locker Inc,,added_ticker,FL
2016-04-04,Cameron International,,removed_ticker,CAM
2016-04-08,Under Armour (Class C),1336917.0,added_ticker,UA
2016-04-18,Ulta Beauty,1403568.0,added_ticker,ULTA
2016-04-18,Tenet Healthcare,,removed_ticker,THC
2016-04-25,Global Payments Inc.,1123360.0,added_ticker,GPN
2016-04-25,GameStop,,removed_ticker,GME
2016-05-03,Acuity Brands Inc,,added_ticker,AYI
2016-05-03,ADT Corp,,removed_ticker,ADT
2016-05-13,Alaska Air Group Inc,766421.0,added_ticker,ALK
2016-05-13,SanDisk Corporation,,removed_ticker,SNDK
2016-05-18,Time Warner Cable,,removed_ticker,TWC
2016-05-18,Digital Realty Trust Inc,1297996.0,added_ticker,DLR
2016-05-23,Airgas Inc,,removed_ticker,ARG
2016-05-23,LKQ Corporation,1065696.0,added_ticker,LKQ
2016-05-31,Coca-Cola Enterprises,,removed_ticker,CCE
2016-05-31,Arthur J. Gallagher & Co.,354190.0,added_ticker,AJG
2016-06-03,Baxalta Inc,,removed_ticker,BXLT
2016-06-03,TransDigm Group,1260221.0,added_ticker,TDG
2016-06-22,Cablevision Systems,,removed_ticker,CVC
2016-06-22,Fortune Brands Home & Security,1519751.0,added_ticker,FBHS
2016-07-01,Alliant Energy Corp,352541.0,added_ticker,LNT
2016-07-01,Fortive Corp,1659166.0,added_ticker,FTV
2016-07-01,AGL Resources,,removed_ticker,GAS
2016-07-01,TECO Energy,,removed_ticker,TE
2016-07-01,Albemarle Corp,915913.0,added_ticker,ALB
2016-07-05,Columbia Pipeline Group,,removed_ticker,CPGX
2016-07-05,Fortive Corp,,added_ticker,FTV
2016-09-06,Johnson Controls Inc,,removed_ticker,JCI
2016-09-06,Mettler Toledo,1037646.0,added_ticker,MTD
2016-09-08,EMC Corporation,,removed_ticker,EMC
2016-09-08,Charter Communications,1091667.0,added_ticker,CHTR
2016-09-22,The Cooper Companies,,added_ticker,COO
2016-09-22,Starwood Hotels & Resorts Worldwide Inc,,removed_ticker,HOT
2016-09-23,The Cooper Companies,711404.0,added_ticker,COO
2016-09-30,Diamond Offshore Drilling,,removed_ticker,DO
2016-09-30,"Coty, Inc.",,added_ticker,COTY
2016-11-01,Alcoa Inc,,removed_ticker,AA
2016-11-01,Arconic Inc,,added_ticker,ARNC
2016-12-02,Envision Healthcare,,added_ticker,EVHC
2016-12-02,Mid-America Apartments,912595.0,added_ticker,MAA
2016-12-02,Owens-Illinois,,removed_ticker,OI
2016-12-02,Legg Mason,,removed_ticker,LM
2017-01-05,IDEXX Laboratories,874716.0,added_ticker,IDXX
2017-01-05,St. Jude Medical,,removed_ticker,STJ
2017-02-28,Incyte,879169.0,added_ticker,INCY
2017-02-28,Spectra Energy Corp,,removed_ticker,SE
2017-03-01,Cboe Global Markets,1374310.0,added_ticker,CBOE
2017-03-01,Pitney Bowes Inc,,removed_ticker,PBI
2017-03-02,Regency Centers Corporation,910606.0,added_ticker,REG
2017-03-02,Endo International,,removed_ticker,ENDP
2017-03-13,Dish Network,1001082.0,added_ticker,DISH
2017-03-13,Linear Technology,,removed_ticker,LLTC
2017-03-16,Synopsys Inc.,883241.0,added_ticker,SNPS
2017-03-16,Harman Int'l Industries,,removed_ticker,HAR
2017-03-20,Urban Outfitters,,removed_ticker,URBN
2017-03-20,Frontier Communications,,removed_ticker,FTR
2017-03-20,Alexandria Real Estate Equities,1035443.0,added_ticker,ARE
2017-03-20,Raymond James Financial Inc.,720005.0,added_ticker,RJF
2017-03-20,Advanced Micro Devices Inc,2488.0,added_ticker,AMD
2017-03-20,First Solar,,removed_ticker,FSLR
2017-04-04,DXC Technology,1688568.0,added_ticker,DXC
2017-04-04,Southwestern Energy,,removed_ticker,SWN
2017-04-05,Dun & Bradstreet,,removed_ticker,DNB
2017-04-05,Gartner Inc,749251.0,added_ticker,IT
2017-06-02,IHS Markit Ltd.,1598014.0,added_ticker,INFO
2017-06-02,"Tegna, Inc.",,removed_ticker,TGNA
2017-06-19,ANSYS,1013462.0,added_ticker,ANSS
2017-06-19,Everest Re Group Ltd.,1095073.0,added_ticker,RE
2017-06-19,Mead Johnson,,removed_ticker,MJN
2017-06-19,Ryder Systems Inc.,,removed_ticker,R
2017-06-19,Teradata Corp.,,removed_ticker,TDC
2017-06-19,Yahoo! Inc.,,removed_ticker,YHOO
2017-06-19,Hilton Worldwide Holdings Inc,1585689.0,added_ticker,HLT
2017-06-19,Align Technology,1097149.0,added_ticker,ALGN
2017-07-07,Baker Hughes Co,1701605.0,added_ticker,BKR
2017-07-26,Duke Realty Corp,783280.0,added_ticker,DRE
2017-07-26,ResMed,943819.0,added_ticker,RMD
2017-07-26,MGM Resorts International,789570.0,added_ticker,MGM
2017-07-26,Transocean,,removed_ticker,RIG
2017-07-26,Bed Bath & Beyond,,removed_ticker,BBBY
2017-07-26,Packaging Corporation of America,75677.0,added_ticker,PKG
2017-07-26,Murphy Oil,,removed_ticker,MUR
2017-07-26,Mallinckrodt,,removed_ticker,MNK
2017-07-26,Reynolds American,,removed_ticker,RAI
2017-07-26,A.O. Smith Corp,91142.0,added_ticker,AOS
2017-08-08,AutoNation Inc,,removed_ticker,AN
2017-08-08,Brighthouse Financial Inc,,added_ticker,BHF
2017-08-29,Whole Foods Market,,removed_ticker,WFM
2017-08-29,QuintilesIMS,,added_ticker,Q
2017-08-29,IQVIA Holdings Inc.,1478242.0,added_ticker,IQV
2017-09-01,DuPont,,removed_ticker,DD
2017-09-01,SBA Communications,1034054.0,added_ticker,SBAC
2017-09-18,Staples Inc.,,removed_ticker,SPLS
2017-09-18,Cadence Design Systems,813672.0,added_ticker,CDNS
2017-10-13,Level 3 Communications,,removed_ticker,LVLT
2017-10-13,Norwegian Cruise Line Holdings,1513761.0,added_ticker,NCLH
2018-01-03,Huntington Ingalls Industries,1501585.0,added_ticker,HII
2018-01-03,CR Bard,,removed_ticker,BCR
2018-03-07,Scripps Networks Interactive,,removed_ticker,SNI
2018-03-07,IPG Photonics Corp.,1111928.0,added_ticker,IPGP
2018-03-19,Patterson Companies,,removed_ticker,PDCO
2018-03-19,Chesapeake Energy,,removed_ticker,CHK
2018-03-19,Nektar Therapeutics,,added_ticker,NKTR
2018-03-19,Take-Two Interactive,946581.0,added_ticker,TTWO
2018-03-19,Signet Jewelers,,removed_ticker,SIG
2018-03-19,SVB Financial,719739.0,added_ticker,SIVB
2018-04-04,CSRA Inc.,,removed_ticker,CSRA
2018-04-04,MSCI Inc,1408198.0,added_ticker,MSCI
2018-05-31,Wyndham Worldwide,,removed_ticker,WYN
2018-05-31,ABIOMED Inc,815094.0,added_ticker,ABMD
2018-06-05,Evergy,1711269.0,added_ticker,EVRG
2018-06-05,Navient Corp,,removed_ticker,NAVI
2018-06-07,"Twitter, Inc.",1418091.0,added_ticker,TWTR
2018-06-07,Monsanto,,removed_ticker,MON
2018-06-18,Range Resources,,removed_ticker,RRC
2018-06-18,HollyFrontier Corp,48039.0,added_ticker,HFC
2018-06-18,Broadridge Financial Solutions,1383312.0,added_ticker,BR
2018-06-18,Acuity Brands,,removed_ticker,AYI
2018-06-20,FleetCor Technologies Inc,1175454.0,added_ticker,FLT
2018-06-20,Time Warner,,removed_ticker,TWX
2018-07-02,Copart Inc,900075.0,added_ticker,CPRT
2018-07-02,Dr Pepper Snapple Group,,removed_ticker,DPS
2018-08-28,Arista Networks,1596532.0,added_ticker,ANET
2018-08-28,GGP Inc.,,removed_ticker,GGP
2018-09-14,WellCare,,added_ticker,WCG
2018-09-14,XL Group,,removed_ticker,XL
2018-10-01,Andeavor,,removed_ticker,ANDV
2018-10-01,Rollins Inc.,84839.0,added_ticker,ROL
2018-10-11,Envision Healthcare,,removed_ticker,EVHC
2018-10-11,Fortinet,1262039.0,added_ticker,FTNT
2018-11-06,CA Inc.,,removed_ticker,CA
2018-11-06,Keysight Technologies,1601046.0,added_ticker,KEYS
2018-11-13,EQT Corp,,removed_ticker,EQT
2018-11-13,Jack Henry & Associates,779152.0,added_ticker,JKHY
2018-12-03,Diamondback Energy,1539838.0,added_ticker,FANG
2018-12-03,Lamb Weston Holdings Inc,1679273.0,added_ticker,LW
2018-12-03,Stericycle,,removed_ticker,SRCL
2018-12-03,Aetna Inc,,removed_ticker,AET
2018-12-03,Rockwell Collins,,removed_ticker,COL
2018-12-03,Maxim Integrated Products Inc,743316.0,added_ticker,MXIM
2018-12-24,Celanese,1306830.0,added_ticker,CE
2018-12-24,Express Scripts,,removed_ticker,ESRX
2019-01-02,SCANA,,removed_ticker,SCG
2019-01-02,First Republic Bank,1132979.0,added_ticker,FRC
2019-01-18,Teleflex,96943.0,added_ticker,TFX
2019-01-18,PG&E Corp,,removed_ticker,PCG
2019-02-15,Newfield Exploration,,removed_ticker,NFX
2019-02-15,Atmos Energy,731802.0,added_ticker,ATO
2019-02-27,Wabtec Corporation,943452.0,added_ticker,WAB
2019-02-27,The Goodyear Tire & Rubber Company,,removed_ticker,GT
2019-04-01,Dow Inc.,1751788.0,added_ticker,DOW
2019-04-02,DuPont de Nemours Inc,1666700.0,added_ticker,DD
2019-04-02,Dow Inc.,,added_ticker,DOW
2019-04-02,Brighthouse Financial,,removed_ticker,BHF
2019-06-03,Corteva,1755672.0,added_ticker,CTVA
2019-06-03,Fluor Corporation,,removed_ticker,FLR
2019-06-07,Amcor plc,1748790.0,added_ticker,AMCR
2019-06-07,Bemis Co Inc,,added_ticker,BMS
2019-06-07,Mattel Inc,,removed_ticker,MAT
2019-07-01,L3 Technologies,,removed_ticker,LLL
2019-07-01,MarketAxess,1278021.0,added_ticker,MKTX
2019-07-15,Red Hat,,removed_ticker,RHT
2019-07-15,T-Mobile US,1283699.0,added_ticker,TMUS
2019-08-09,Anadarko Petroleum,,removed_ticker,APC
2019-08-09,Leidos Holdings,1336920.0,added_ticker,LDOS
2019-08-09,IDEX Corporation,832101.0,added_ticker,IEX
2019-08-09,Foot Locker,,removed_ticker,FL
2019-09-23,TSYS,,removed_ticker,TSS
2019-09-23,CDW,1402057.0,added_ticker,CDW
2019-09-26,"NVR, Inc.",906163.0,added_ticker,NVR
2019-09-26,Jefferies Financial Group Inc,,removed_ticker,JEF
2019-10-03,Las Vegas Sands,1300514.0,added_ticker,LVS
2019-10-03,Nektar Therapeutics,,removed_ticker,NKTR
2019-11-21,ServiceNow,1373715.0,added_ticker,NOW
2019-11-21,Celgene,,removed_ticker,CELG
2019-12-05,W. R. Berkley Corporation,11544.0,added_ticker,WRB
2019-12-05,Viacom,,removed_ticker,VIAB
2019-12-09,Old Dominion Freight Line,878927.0,added_ticker,ODFL
2019-12-09,SunTrust Banks,,removed_ticker,STI
2019-12-23,Live Nation Entertainment,1335258.0,added_ticker,LYV
2019-12-23,STERIS plc,1757898.0,added_ticker,STE
2019-12-23,Zebra Technologies,877212.0,added_ticker,ZBRA
2019-12-23,Affiliated Managers Group,,removed_ticker,AMG
2019-12-23,TripAdvisor,,removed_ticker,TRIP
2019-12-23,Macerich,,removed_ticker,MAC
2020-01-28,WellCare,,removed_ticker,WCG
2020-01-28,Paycom,1590955.0,added_ticker,PAYC
2020-03-03,Gardner Denver,,added_ticker,GDI
2020-03-03,Ingersoll Rand,1699150.0,added_ticker,IR
2020-03-03,Cimarex Energy,,removed_ticker,XEC
2020-04-03,Carrier Global,1783180.0,added_ticker,CARR
2020-04-03,Otis Worldwide,1781335.0,added_ticker,OTIS
2020-04-06,Raytheon Company,,removed_ticker,RTN
2020-04-06,"Macy's, Inc.",,removed_ticker,M
2020-05-12,Domino's Pizza,1286681.0,added_ticker,DPZ
2020-05-12,DexCom,1093557.0,added_ticker,DXCM
2020-05-12,Allergan,,removed_ticker,AGN
2020-05-12,Capri Holdings,,removed_ticker,CPRI
2020-05-22,West Pharmaceutical Services,105770.0,added_ticker,WST
2020-05-22,Helmerich & Payne,,removed_ticker,HP
2020-06-22,Harley-Davidson,,removed_ticker,HOG
2020-06-22,Bio-Rad Laboratories,12208.0,added_ticker,BIO
2020-06-22,Alliance Data Systems,,removed_ticker,ADS
2020-06-22,Teledyne Technologies,1094285.0,added_ticker,TDY
2020-06-22,Nordstrom,,removed_ticker,JWN
2020-06-22,Tyler Technologies,860731.0,added_ticker,TYL
2020-09-21,Catalent,1596783.0,added_ticker,CTLT
2020-09-21,Teradyne,97210.0,added_ticker,TER
2020-09-21,Kohl's Corp.,,removed_ticker,KSS
2020-09-21,Coty Inc.,,removed_ticker,COTY
2020-09-21,Etsy,1370637.0,added_ticker,ETSY
2020-09-21,H&R Block,,removed_ticker,HRB
